{
    "loss": 0.6655417680740356,
    "accuracy": 0.931034505367279
}