{
    "loss": 0.5687383413314819,
    "accuracy": 0.9568965435028076
}